headline,time
U.K. Consumer Sentiment Edges Up Again Despite Global Turbulence,18 hours ago
The Fog of Trade War Is Causing Confusion About Price Increases,"June 14, 2025"
American Consumer Outlook Brightens in June,"June 13, 2025"
China’s ‘Cash-for-Clunkers’ Underlines Need for Structural Reform,"June 13, 2025"
"U.K. Retail Sales Slowed in May, Report Says","June 10, 2025"
Economists Explain Why Trump’s Tariffs Haven’t Sparked Inflation Yet,"June 11, 2025"
Trump Says Fed Is Making ‘Mistake’ by Not Lowering Interest Rates,"May 29, 2025"
"WSJ Retail Reporter: How Walmart’s Price Hikes Affect Shoppers, Competitors","May 15, 2025"
White House Says Amazon Tariff Pricing Would Be ‘Hostile and Political’,"April 29, 2025"
"Can Buffett Bets Like Coke, Food Brands Recession-Proof Your Portfolio?","April 27, 2025"
New Real-Estate Math: Half a Million More Sellers Than Buyers,"June 14, 2025"
Young Graduates Are Facing an Employment Crisis,"June 16, 2025"
Trump Struggles to Press Deportations Without Damaging the Economy,"June 16, 2025"
The Path to Record Deficits,"June 18, 2025"
Why the Fed Isn’t Cutting Rates Despite Cool Inflation,"June 17, 2025"
American Consumers Are Still Gloomy on the Economy,"May 30, 2025"
"To Gen Z, Everything Is a Recession Indicator","May 21, 2025"
Consumer Sentiment Darkens Further With Inflation Worries Rising,"May 16, 2025"
Walmart’s Price Hikes Open Door to Increases From ‘Everybody Else’,"May 15, 2025"
My Friends and I Are Rethinking Our Spending Because of Economic Anxiety,"May 11, 2025"
Record Beef Prices Poised to Hit Consumers This Summer,"May 9, 2025"
Americans Are Downbeat on the Economy. They Keep Spending Anyway.,"April 25, 2025"
American Consumers Serve Up Bleak Outlook on Economy,"April 25, 2025"
U.K. Retailers Post Surprise Rise in Sales Ahead of Tariff Turmoil,"April 25, 2025"
U.K. Consumers’ Mood Darkens Under Tariff Clouds,"April 24, 2025"
Credit-Card Companies Brace for a Downturn,"April 22, 2025"
Eurozone Consumers’ Mood Darkens Under Tariff Clouds,"April 22, 2025"
The ‘Finfluencers’ Trying to Make It Big During the Market Turmoil,"April 19, 2025"
That New Charge on Your Bill? Call It a ‘This Tariff Isn’t Our Fault’ Fee,"April 12, 2025"
Young Women Are Starting to Recession-Proof Their Lives,"April 12, 2025"
‘From Anxious to Petrified’: Consumer Sentiment Plunges Further,"April 11, 2025"
"Producer Prices Fell in March as Energy, Food Costs Declined","April 11, 2025"
U.K. Shopper Traffic Drops in March on Late Easter,"April 11, 2025"
"Inflation Eased in March, but Tariffs Threaten to Stoke Price Pressures","April 10, 2025"
Buy Now or Save Up? How Consumers Are Weighing Economic Mayhem,"April 10, 2025"
Egg Prices Creep to New Record — But There Are Signs of Relief,"April 10, 2025"
The Complicated Relationship Between Consumer Sentiment and Stocks,"April 5, 2025"
Here’s the iPhone. Here’s the iPhone With Tariffs.,"April 5, 2025"
"Americans Rush to Buy TVs, Soy Sauce, Lululemon Workout Gear","April 3, 2025"
Cars Were Already Unaffordable Before Tariffs,"April 3, 2025"
"U.K. Shop Price Deflation Lost Pace in March, Report Says","April 1, 2025"
Americans Feel Bad About the Economy. Whether They Act on It Is What Really Matters.,"March 28, 2025"
Consumers’ Mood Sours in March With Gloomier Economic Outlook,"March 28, 2025"
Europe’s Industrial Outlook Buoyed by Defense Drive,"March 28, 2025"
U.K. Shoppers Spend a Little More in Glimpse of Hope for Lackluster Economy,"March 28, 2025"
German Consumer Confidence Edges Higher After Elections,"March 28, 2025"
U.S. Pending Home Sales Gain Ground But Continue to Lag Last Year,"March 27, 2025"
Consumer Survey’s Decline Adds to Evidence of Gloom,"March 25, 2025"
Are Pop-Tarts on the Chopping Block With GOP Cuts?,"March 23, 2025"
Retail Sales Rose 0.2% in February but Miss Expectations,"March 17, 2025"
Slumping Stocks Threaten a Pillar of the Economy: Spending by the Wealthy,"March 16, 2025"
Eggs Are So Expensive People Are Smuggling Them in From Mexico,"March 15, 2025"
Consumers and Businesses Send Distress Signal as Economic Fear Sets In,"March 15, 2025"
Consumer Sentiment Tanks as Americans Expect More Pain Ahead,"March 14, 2025"
Here’s Where to Look for Early Signs of a Recession,"March 14, 2025"
Tariffs Set Off Scramble in the Supermarket Produce Aisle,"March 14, 2025"
Consumer Angst Is Striking All Income Levels,"March 13, 2025"
"Shoppers Are Skimping on Cigarettes, Doritos and Twinkies","March 13, 2025"
"Inflation Cooled to 2.8% in February, Lower Than Expected","March 12, 2025"
Consumers Keep Bailing Out the Economy. Now They Might Be Maxed Out.,"March 11, 2025"
What Automakers’ Tariff Reprieve Means for Car Buyers,"March 6, 2025"
Tariff Whiplash Spooks U.S. Consumers,"March 5, 2025"
U.K. Shop Prices Continue to Fall But Food Prices Concern,"March 4, 2025"
Worries Mount That Trump Agenda Is Testing Economy’s Resilience,"March 1, 2025"
The Economy Is Still Fine. Americans Are Still Gloomy.,"February 26, 2025"
"French Confidence Inches Higher, But Savings-Drive Points to Caution","February 26, 2025"
U.S. Economic Growth Falls Back Below Average,"February 24, 2025"
The U.S. Economy Depends More Than Ever on Rich People,"February 23, 2025"
U.S. Consumer Confidence Falls Back on Fears of Tariff-Induced Price Increases,"February 21, 2025"
Soaring Egg Prices Reignite Debate Over Bird Flu Vaccinations,"February 21, 2025"
U.K. Retail Sales Rise for First Time in Five Months,"February 21, 2025"
"U.K. Consumers Feel Small Boost From BOE Rate Cut, Survey Suggests","February 20, 2025"
"At the ‘Wall Street of Eggs,’ Demand Is Surging","February 18, 2025"
French Jobs Market Remains Strong in Face of Economy Headwinds,"February 11, 2025"
The Mood of the American Consumer Is Souring,"February 7, 2025"
"Food Prices Fell in January on Cheaper Sugar, Vegetable Oils, UN Says","February 7, 2025"
"U.K. Shopper Traffic Rises on January’s Bargain Hunt, BRC Says","February 7, 2025"
Eurozone Shoppers Spent Less as 2024 Ended Amid High Savings Caution,"February 6, 2025"
Dining Out Now Comes With a 50 Cent ‘Egg Surcharge’,"February 5, 2025"
Shoppers Keep Powering U.S. Growth,"January 30, 2025"
U.S. GDP Grew 2.5% in 2024,"January 30, 2025"
U.S. Consumers Lose Confidence at Start of Trump’s Second Term,"January 28, 2025"
French Households Start 2025 on a Less Pessimistic Note,"January 28, 2025"
Americans Are Carrying Bigger Credit-Card Balances,"January 25, 2025"
Amex Has a First-Class Problem: Can Consumer Spending Really Keep Up?,"January 24, 2025"
Britain Starts 2025 in a Dark Mood Amid Economic Clouds,"January 24, 2025"
The World Is Getting Riskier. Americans Don’t Want to Pay for It.,"January 19, 2025"
Food Prices Are Rising Again,"January 19, 2025"
U.K. Retail Sales Drop on Disappointing Christmas,"January 17, 2025"
U.S. Consumer Confidence Dips as Inflation Expectations Spike,"January 10, 2025"
Cost Pressures to Lift U.K. Shop-Price Inflation in 2025,"January 9, 2025"
French Consumers End 2024 in a Pessimistic Mood as Layoff Concerns Mount,"January 8, 2025"
Eurozone Inflation Climbs Further Above ECB Target,"January 7, 2025"
British Shoppers Splash Out for Christmas But Growth Limited,"January 7, 2025"
Why Breakfast Is Busting Your Food Budget,"January 1, 2025"
A Credit-Score Hangover Is Hitting America’s Riskiest Borrowers,"December 24, 2024"
U.S. Consumers Feel Less Confident as Economy Concerns Mount,"December 23, 2024"
Consumer Confidence Climbs Driven by Republican Sentiment,"December 20, 2024"
U.K. Shoppers Spend Again in Welcome Sign for Growth,"December 20, 2024"
German Consumers Shake off a Little Winter Gloom,"December 19, 2024"
What Puts Republicans in the Mood to Shop,"December 16, 2024"
Americans Are Stockpiling to Get Ahead of Tariffs,"December 14, 2024"
Dollar Stores Are Flashing a Warning Sign About Lower-Income Consumers,"December 13, 2024"
Economic Gloom Dims Britain’s Christmas Cheer,"December 12, 2024"
Inflation Is Stuck. Can Trump Unstick It?,"December 12, 2024"
"Consumer Confidence Jumps Despite Split Between Republicans, Democrats","December 6, 2024"
Americans’ Cars Keep Getting Older—and Creakier,"December 6, 2024"
Eurozone Retail Sales Decline as Political Worries Mount,"December 5, 2024"
Inflation Heads Back Over Target in Eurozone But Fresh Rate Cuts Remain Likely,"November 29, 2024"
German Consumer Confidence Slumps as Economic Woes Pile Up,"November 27, 2024"
U.K. Shop Prices Fall Less Sharply as Retailers Face Rising Costs,"November 26, 2024"
"Republicans Are Feeling Good Again, Driving Up Consumer Sentiment","November 22, 2024"
"Turkey Prices Ease This Year, but Watch Out for the Sides","November 22, 2024"
U.K. Shoppers Shied Away From Stores Ahead of Budget,"November 22, 2024"
"U.K. Consumers Cheerier Ahead of Holidays as Budget, U.S. Election Jitters Fade","November 21, 2024"
Things Are Quiet in Consumer Credit. Too Quiet.,"November 19, 2024"
Sweden’s Klarna Files for U.S. IPO,"November 13, 2024"
"Awful Jobs Report Aside, the Economy Is Still Strong","November 2, 2024"
"German Consumer Confidence Rises, Despite Pessimism Over Economy","October 29, 2024"
U.K. Shop-Price Deflation Accelerates,"October 29, 2024"
U.K. Consumers Spooked as Budget Looms,"October 24, 2024"
"Inflation Has Cooled, but Americans Are Still Seething Over Prices","October 23, 2024"
British Shoppers’ Tech Splurge Furthers Soft-Landing Hopes,"October 18, 2024"
U.S. Consumers Drive Retail Sales Growth,"October 17, 2024"
U.S. Consumer Confidence Declines Unexpectedly as Election Nears,"October 11, 2024"
"After Years of Increases, Companies Are Rolling Back Prices","October 11, 2024"
Healthcare Premiums Are Soaring Even as Inflation Eases,"October 9, 2024"
"U.K. Grocery Inflation Rises as Consumer Spending Remains Tight, Report Says","October 8, 2024"
Arizona Voters at Breaking Point Over Cost of Electricity,"October 8, 2024"
Will China’s Surprise Stimulus Work?,"September 29, 2024"
Stocks Are Riding High on Easy Policy. Here’s How to Trade It.,"September 28, 2024"
"Inflation Cools Quickly in France, Spain as ECB Mulls Rate-Cut Path","September 27, 2024"
German Consumer Sentiment Improves But Outlook Still Gloomy,"September 26, 2024"
German Recession Angst Mounts as Companies Grow More Pessimistic,"September 24, 2024"
Americans Are Desperate for Relief. The Rate Cut Is a Glimmer of Hope.,"September 19, 2024"
Malaysian Glove Makers’ Shares Jump as U.S. Plans Higher Tariffs on Chinese Gloves,"September 16, 2024"
"U.S. Incomes Climbed Last Year, Census Bureau Says","September 10, 2024"
Selling a Cat Lover’s Home When You’re Not a Cat Person,"September 7, 2024"
Americans’ Economic Mood Brightens—a Bit,"August 31, 2024"
Stable U.S. Inflation Keeps Door Open For Moderate Fed Cuts,"August 30, 2024"
French Inflation Falls to Target as Economy Grows Less Than Estimated,"August 30, 2024"
The American Dream Feels Out of Reach for Most,"August 28, 2024"
Weak German Consumer Confidence Adds to Economic Woes,"August 27, 2024"
"Inflation Usually Hits Harder for Poor Families. For a Couple of Years, It Didn’t.","August 25, 2024"
Price-Gouging Crusade Electrifies Democratic Rank and File,"August 23, 2024"
"U.K. Consumers Still Harbor Doubts on Economy, Survey Shows","August 22, 2024"
Kamala Harris Wants to Ban Price Gouging. What Do Economists Say?,"August 20, 2024"
Many Voters in This Swing County Are Sour on the Economy. Here’s What They’re Saying.,"August 18, 2024"
"The Extreme Renters Who Own Nothing, Not Even Their Jeans","August 17, 2024"
Britons Splurge on TVs and Booze in Boost to U.K. Retailers,"August 16, 2024"
Japan’s Economy Returns to Growth,"August 14, 2024"
"Child Care, Rent, Insurance: Where Inflation Hits Hardest Now","August 12, 2024"
Has the U.S. Economy Reached a Tipping Point?,"August 9, 2024"
"Burgers, Botox and Birkins: Consumer Pullback Hits China and U.S.","August 4, 2024"
"After Years of Raising Prices, Food Companies Hit Consumers’ Limits","August 1, 2024"
ING Lifts Revenue Outlook After Strong Second Quarter,"August 1, 2024"
The Haves and Have-Nots at the Center of America’s Inflation Fight,"July 30, 2024"
Heineken Shares Sink After China Impairment Hits Earnings,"July 29, 2024"
U.S. Economy Grew at Brisk 2.8% Rate in Second Quarter,"July 25, 2024"
"The Hottest Ballpark Suite Has AC, Beef Sliders and Won’t Break the Bank","July 21, 2024"
Milder Inflation Opens Door Wider to September Rate Cut,"July 11, 2024"
Costco and Sam’s Club Aisles Are Full of Gen Z Shoppers,"July 5, 2024"
Why Cheap Toilet Paper Sets Off Alarm Bells Among Some Investors,"July 1, 2024"
German Consumer Confidence Retreats,"June 26, 2024"
Australian Consumer Confidence Posts Biggest Weekly Fall This Year,"June 11, 2024"
"Americans Really, Really Hate Inflation—and That’s a Big Problem for the Fed","June 9, 2024"
Economic Data Paint a Picture of Two Americas,"June 8, 2024"
Why the Recession Still Isn’t Here,"June 7, 2024"
Americans Have More Investment Income Than Ever Before,"June 5, 2024"
The Problem With Behavioral Nudges,"May 26, 2024"
One Trick to Make Your Product Reviews More Helpful,"May 25, 2024"
How Your Business Can Get Better Consumer Reviews,"May 25, 2024"
Why I Need My Own Chatbot to Deal With Customer-Service Chatbots,"May 24, 2024"
"U.K. Shoppers Spend Less as Inflation, Rain Hit Sales","May 24, 2024"
Hate Chatbots? You Aren’t the Only One,"May 22, 2024"
How Has Inflation Hit Your Finances? 10 People Get Candid,"May 22, 2024"
There’s a Reason Hold Music Is So Annoying,"May 21, 2024"
Parents Are Feeling the Pain of Inflation and Child-Care Costs,"May 21, 2024"
A Deck Maker’s $450 Million Bet on America’s Renovation Boom,"May 19, 2024"
America Is Still Headed for a Soft Landing,"May 16, 2024"
Inflation Eases as Core Prices Post Smallest Increase Since 2021,"May 15, 2024"
China Disinflationary Headwinds Continue as Consumers Hold Back,"May 10, 2024"
Lenders Are Seeing a Bottom for Consumers,"May 8, 2024"
Australian Retail Sales Slump; Swifties Suffer Hangover,"April 30, 2024"
The Era of One-Stop Grocery Shopping Is Over,"April 27, 2024"
"Adults—Yes, Adults—Are Throwing Half-Birthday Parties","April 27, 2024"
U.K. Consumer Confidence Ticks Higher,"April 25, 2024"
"Mix of Slowing Growth, Firm Inflation Worries Investors","April 25, 2024"
Do the GDP and Dow Reflect American Well-Being?,"April 25, 2024"
German Consumer Confidence Reaches Two-Year High,"April 25, 2024"
DNB Earnings Supported by Corporate Market and Strong Economy,"April 23, 2024"
Air New Zealand Warns on Profits As Headwinds Stay Strong,"April 21, 2024"
Buy the Stock Market’s Inflation Freakouts,"April 10, 2024"
U.K. Retail Sales Get Lift from Easter Break,"April 9, 2024"
"What’s Wrong With the Economy? It’s You, Not the Data","April 4, 2024"
German Retail Sales Unexpectedly Slide,"March 28, 2024"
UK Confirmed in Recession at End of 2023,"March 28, 2024"
Australia’s February Inflation Comes in Lower Than Expected,"March 26, 2024"
"German Consumer Mood Improves, Uncertainty Remains","March 26, 2024"
"U.K. Consumers Prove Cautious, Survey Suggests","March 21, 2024"
China’s Youth Jobless Rate Edges Higher,"March 20, 2024"
The Fed’s Challenge: Has It Hit the Brakes Hard Enough?,"March 17, 2024"
U.S. Consumers Still Aren’t Feeling Sunnier,"March 15, 2024"
Big Profits and High Prices: There Is a Connection,"March 14, 2024"
U.S. Retail Sales Rise Less Than Expected,"March 14, 2024"
We Still Don’t Believe How Much Things Cost,"March 12, 2024"
"Australia’s Economy Continues to Slow as Rates, Costs Crush Confidence","March 5, 2024"
China’s Wobbly Start to the New Year,"March 1, 2024"
Eurozone Confidence Struggles to Recover,"February 28, 2024"
Food Is Taking a Bite Out of Your Income. These Consumers Are Getting Creative.,"February 27, 2024"
German Consumer Confidence Ticks Up Despite Gloomy Outlook,"February 27, 2024"
U.K. Shop-Price Inflation Falls to Near Two-Year Low,"February 27, 2024"
Canada Retail Sales Rise 0.9% in December But Fall in January,"February 22, 2024"
It’s Been 30 Years Since Food Ate Up This Much of Your Income,"February 21, 2024"
Canada Inflation Cools to 2.9% in January,"February 20, 2024"
Data Show the Economy Is Booming. Wall Street Thinks Otherwise.,"February 20, 2024"
"Nike to Lay Off More Than 1,600 Workers","February 16, 2024"
U.K. Retail Sales Rebound,"February 16, 2024"
America’s Economy Slowed—It Probably Won’t Stumble,"February 16, 2024"
U.S. Shoppers Cut Back in January,"February 15, 2024"
Pro Take: No Big Consumer Price Declines Are in Sight,"February 15, 2024"
"U.K. Inflation Steady, Raising Prospects of Rate Cuts","February 14, 2024"
Hotter-Than-Expected Inflation Clouds Rate-Cut Outlook,"February 13, 2024"
The Confusingly Strong Economy Told in Three Stories,"February 8, 2024"
Turning 65? It’s Not What Everyone Thinks,"February 6, 2024"
U.K. Retail Sales Slow as Consumers Continue to Struggle,"February 6, 2024"
Australian Consumer Confidence Dips Past Week,"January 29, 2024"
"For Rate Cuts, It All Comes Down to the Job Market","January 26, 2024"
German Consumers Feel the Chill as Inflation Keeps Biting,"January 26, 2024"
What Recession? Growth Ended Up Accelerating in 2023,"January 25, 2024"
The Economy Just Keeps Going,"January 25, 2024"
Cooling New Zealand Inflation Turns Attention to Rate-Cut Timing,"January 23, 2024"
Rising Defaults May Give Misleading Picture on Consumer Health,"January 20, 2024"
Americans Are Suddenly a Lot More Upbeat About the Economy,"January 19, 2024"
Consumers Start 2024 on Strong Footing After a Jolly Holiday,"January 17, 2024"
How the American Shopper Silenced Doubters,"January 17, 2024"
U.K. Inflation Unexpectedly Rebounds,"January 17, 2024"
Canada Inflation Accelerates to 3.4% in December,"January 16, 2024"
Inflation Edged Up in December After Rapid Cooling Most of 2023,"January 11, 2024"
Can Retirees Keep Splurging? Don’t Count on It,"January 8, 2024"
How Can Spending Be Up When People Feel Down?,"December 27, 2023"
How Food Stocks Spoiled in 2023,"December 26, 2023"
The Item That’s on Christmas Lists Every Year—and Some Don’t Like It,"December 24, 2023"
Credit-Card Spending Piles Up as Savings Dwindle,"December 24, 2023"
Prices Fell in November for the First Time Since 2020,"December 22, 2023"
Canada Retail Sales Rise 0.7% in October,"December 21, 2023"
"Americans Spending Less on Gifts, More on Everything Else","December 21, 2023"
"Meet the New Economy, Same as the Old Economy","December 20, 2023"
Retail Sales Show Holiday Season Off to Strong Start,"December 14, 2023"
Americans Are Spending on the Holidays After All,"December 14, 2023"
Janet Yellen on Why She Predicts a Soft Landing for the U.S. Economy,"December 14, 2023"
What Cardboard Prices Tell Us About the State of the Economy,"December 13, 2023"
The Tipping Backlash Has Begun,"December 13, 2023"
"Inflation Edges Lower, but Still Too High for the Fed","December 12, 2023"
U.S. Wholesale Inventories Fell Again in October,"December 7, 2023"
Goods Deflation Is Back. It Could Speed Inflation’s Return to 2%.,"December 3, 2023"
"Consumers Pulled Back on Spending, Inflation Eased in October","November 30, 2023"
Toy Shoppers Come Down With a Case of the Holiday Blahs,"November 23, 2023"
American Shoppers Have Plenty of Dry Powder,"November 22, 2023"
How Much Do You Know About Online-Shopping Scams?,"November 21, 2023"
This Year’s Black Friday Bonus: Falling Prices,"November 18, 2023"
"Your Thanksgiving Costs, Broken Down","November 16, 2023"
Retail Sales Fall for First Time Since March,"November 15, 2023"
"While All Inflation Feels Bad, Housing Inflation Is the Worst","November 15, 2023"
How Consumers Are Spending Is a Reason for Cheer,"November 15, 2023"
The Elusive Soft Landing Is Coming Into View,"November 15, 2023"
"As Rent Rises Cool, So Will Inflation","November 14, 2023"
Commonwealth Bank’s 1Q Profit Falls as Arrears Tick Up,"November 13, 2023"
"Holiday Hiring Demand Drops Off, a Warning for Job Market","November 13, 2023"
"The Low-Wage Pay Surge Is Over, Threatening the Consumer Boom","November 12, 2023"
How Work From Home Has Reshaped What Americans Buy,"November 9, 2023"
Americans Can’t Stop Spending. Five Reasons Why.,"October 29, 2023"
Inflation Trends Keep Fed Rate Hikes on Pause,"October 27, 2023"
Halloween Candy Is Getting Scary Expensive,"October 27, 2023"
U.S. Economy’s Summer Surge May Not Last,"October 26, 2023"
What Will the Economy Do for an Encore?,"October 26, 2023"
Pro Take: Inflation Fears Still Grip Even as Price Pressures Ease,"October 26, 2023"
"How Far Is China’s Slowdown Spreading? Ask a Dairy Farmer 6,000 Miles Away","October 24, 2023"
Household Net Worth Surged After the Pandemic Hit,"October 18, 2023"
It’s Getting Too Expensive to Have Fun,"October 17, 2023"
The American Consumer Keeps Splurging,"October 17, 2023"
"Sobriety Is In, and Nonalcoholic Beer Sales Are Soaring","October 12, 2023"
This Inflation Report Won’t Let Fed Declare Victory,"October 12, 2023"
Social Security Is Giving Retirees a Raise in 2024. Is It Enough?,"October 12, 2023"
The U.S. Economy’s Secret Weapon: Seniors With Money to Spend,"October 8, 2023"
Americans Are Still Spending Like There’s No Tomorrow,"October 1, 2023"
Why Consumers Are Mad About Inflation Even Though It Has Fallen,"October 1, 2023"
"Underlying Prices Cooled in August, Giving Fed More Evidence of Softer Inflation","September 29, 2023"
Inflation Steps Back on the Gas,"September 29, 2023"
"Cybersecurity Budgets Grow, But at a Slower Pace","September 29, 2023"
"How Much Savings Do Americans Have Left, Anyway?","September 26, 2023"
Wall Street Is Hoping $100 Oil Ain’t What It Used to Be,"September 25, 2023"
"U.S. Economy Could Withstand One Shock, but Four at Once?","September 24, 2023"
A Soft Landing Could Prove Elusive,"September 18, 2023"
Student-Loan Restart Threatens to Pull $100 Billion Out of Consumers’ Pockets,"September 16, 2023"
"China May Dodge Deflation, After All","September 15, 2023"
Jump in Gasoline Prices Boosted August Retail Sales,"September 14, 2023"
Don’t Bet Against the American Consumer Now,"September 14, 2023"
U.S. Inflation Accelerated in August,"September 13, 2023"
Stocks Edge Higher After No-Surprises Inflation Report,"September 13, 2023"
U.S. Incomes Fall for Third Straight Year,"September 12, 2023"
Here’s Something Past Its Expiration Date: The Expiration Date Itself,"September 8, 2023"
Resilient U.S. Economy Defies Expectations,"September 2, 2023"
Summer Spending Surge Shows Consumers Driving Economic Growth,"August 31, 2023"
"Just Like Tip Prompts, Requests for Donations at Checkout Are Everywhere","August 29, 2023"
Rising Gasoline Prices Hit Inflation-Weary Americans,"August 28, 2023"
Why Child-Care Prices Are Rising at Nearly Twice the Overall Inflation Rate,"August 17, 2023"
Retail Sales Rose for Fourth Straight Month,"August 15, 2023"
"After Pulling Inflation Down, Gasoline and Food Threaten to Nudge It Up","August 13, 2023"
Women Own This Summer. The Economy Proves It.,"August 10, 2023"
Cooler July Inflation Opens Door to Fed Pause on Rates,"August 10, 2023"
Inflation and Wage Growth Ease as Fed Considers Next Move,"July 28, 2023"
The Pay Increases Keep Coming,"July 28, 2023"
U.S. Economic Growth Accelerates,"July 27, 2023"
What Fed Hikes? Much of Americans’ Debt Is Still Riding Ultralow Rates,"July 27, 2023"
Americans Feel Better About the Economy. Should We Believe Them?,"July 21, 2023"
Pro Take: How the Pandemic and Inflation Altered Hospitality Economics in Six Charts,"July 21, 2023"
Retailers’ Problems Get Real,"July 18, 2023"
Shoppers Increased Retail Spending in June,"July 18, 2023"
"Companies and the Terrible, Horrible, No Good, Very Bad Earnings Season","July 17, 2023"
Global Migration Boom Keeps Housing Costs High,"July 15, 2023"
Economists Are Cutting Back Their Recession Expectations,"July 15, 2023"
"Conagra Sales Rise, Profit Falls as Inflation Eases","July 13, 2023"
Inflation’s Fall From a Four-Decade High in Four Charts,"July 13, 2023"
"As Inflation Goes Down, Soft Landing Odds Improve","July 13, 2023"
"Inflation Eased to 3% in June, Slowest Pace in More Than Two Years","July 12, 2023"
"Measure It Differently, and Inflation Is Behind Us","July 12, 2023"
How Fast Can Inflation Cool? Not Fast Enough (Yet) for the Fed,"July 12, 2023"
Is Work From Home to Blame for Senior Housing’s Muted Recovery?,"July 11, 2023"
Major Stock Indexes Rise Despite Tech Declines,"July 10, 2023"
Deflation Looms in China as Rebound Loses Steam,"July 10, 2023"
Last Mile of the Inflation Fight Will Be the Hardest,"July 9, 2023"
The Supermarket Aisle Where Prices Are Still Soaring,"July 8, 2023"
Americans Have Quit Quitting Their Jobs,"July 6, 2023"
"DoorDash, Uber Eats, Grubhub Sue New York City Over Wage Law","July 6, 2023"
Why Interest Rates Don’t Cool Inflation Enough: They Hit the Wrong Places,"July 6, 2023"
"As Greedflation Starts to Fade, Wageflation Creeps In","July 6, 2023"
Some Fed Officials Supported Raising Rates in June,"July 5, 2023"
A Red-Hot Market for Warehouse Workers Has Cooled Off,"July 3, 2023"
Good News for the Fed: Shoppers See Lower Inflation on the Horizon,"July 3, 2023"
"U.S. Inflation, Consumer Spending Growth Cooled in May","June 30, 2023"
"To Fight Stickier Inflation, Governments Take Aim at Corporate Profits","June 30, 2023"
U.S. Economy Shows Surprising Vigor in First Half of 2023,"June 29, 2023"
Nasdaq Continues Climb as Tech Rally Pushes On,"June 28, 2023"
Powell Says Fed’s Inflation Fight Could Take Years,"June 28, 2023"
Walgreens Lowers Outlook Amid Weaker Consumer Spending,"June 27, 2023"
Stocks Advance After Data Highlights Resilient Economy,"June 27, 2023"
"Stock Indexes Fall on Tech, Communications Declines","June 26, 2023"
Frontline Workers Are Bargaining for Pandemic ‘Hero’ Pay,"June 26, 2023"
Traders Bet Bull Market Is Just Getting Started,"June 26, 2023"
Store Brands Strike Back,"June 24, 2023"
Trade Woes in Asia Bring Inflation Relief to U.S. Consumers,"June 24, 2023"
Millions of ‘Baby Shark’ Bath Toys Recalled Over Injury Risk,"June 22, 2023"
Chicago Fed’s Goolsbee Not Certain What Central Bank’s Next Move Should Be,"June 21, 2023"
Today’s Rate Hikes Threaten to Push Up Tomorrow’s Housing Costs,"June 20, 2023"
"WSJ Global Food Forum to Feature Big Food CEOs, Chicago Fed, USDA","June 19, 2023"
S&P 500 Finishes Higher for Fifth Straight Week,"June 16, 2023"
Spring Spending Surge Pushes Growth Despite Rate Rises,"June 16, 2023"
Hidden Fees Exist Because They Work,"June 16, 2023"
Retailers Are Trying to Fix Their Supply-Chain Forecasts,"June 16, 2023"
Student-Loan Repayments Are Coming Back. Retailers Are in for a Big Shock.,"June 16, 2023"
Americans Are Shopping Through Uncertainty,"June 15, 2023"
Fed Holds Rates Steady but Expects More Increases,"June 14, 2023"
Transcript: Fed Chief Powell’s Postmeeting Press Conference,"June 14, 2023"
Treasury Yields Rebound After Fed Signals Higher Rates Ahead,"June 14, 2023"
"Inflation, Ad Cuts Can Be Winning Combo for Progressive","June 14, 2023"
CPI Report Shows Inflation Has Been Cut in Half,"June 13, 2023"
China’s Central Bank Moves to Shore Up Recovery,"June 13, 2023"
Inflation’s Retreat Gives Fed Wiggle Room,"June 13, 2023"
Fed-Rate Projections Could Rise to Underscore Inflation Anxieties,"June 13, 2023"
"For Corporate Spending, Something’s Gotta Give","June 12, 2023"
Wall Street Firms Up Bets on U.S. Consumers,"June 12, 2023"
Jerome Powell’s Big Problem Just Got Even More Complicated,"June 12, 2023"
China’s Inflation Problem? It Has None,"June 9, 2023"
Bank of Canada’s Beaudry Sees Signs of New Era of Higher Interest Rates,"June 8, 2023"
"Buy Now, Pay Later Is Boosting Sales. But Signs of Users’ Stress Are Emerging.","June 7, 2023"
Most HBO Max Customers Started Using New ‘Max’ Platform in First Week,"June 2, 2023"
"Macy’s Cuts Full-Year Sales, Profit Outlook","June 1, 2023"
Why Your Steak Is Getting Pricier,"June 1, 2023"
Nasdaq Rises on Tentative Debt Ceiling Deal,"May 30, 2023"
Ukraine and Allies Plan Peace Summit Without Russia,"May 30, 2023"
"Debt-Ceiling Deal Does Little to Change Direction of Federal Spending, Economy","May 30, 2023"
Big Lots Shares Drop to 30-Year Low,"May 26, 2023"
U.S. Consumer Spending Jumped in April and Inflation Accelerated,"May 26, 2023"
What Costco’s Baskets Reveal About Consumer Finances,"May 26, 2023"
How a Trade Loophole May Be Letting in Chinese Imports Made With Forced Labor,"May 26, 2023"
Companies Find Ambitious Logistics Strategies Haven’t Delivered,"May 26, 2023"
"Kohl’s, Costco, Lowe’s Sales Sluggish as Shoppers Pull Back","May 25, 2023"
Fed Officials Were Divided Over June Rate Pause,"May 24, 2023"
HIV Infections Drop as Care Reaches More Young People,"May 23, 2023"
"Container Shipping Has Cratered, as Ship Owners Try to Avoid Unprofitable Trips","May 22, 2023"
Retailers Near Restocking as Inventory Paring Winds Down,"May 22, 2023"
Stocks Fall to End Week After Debt-Ceiling Talks Pause,"May 19, 2023"
"Target Recalls Nearly 5 Million Threshold Candles After Reports of Burns, Lacerations","May 19, 2023"
Japanese Stocks Have Hit a 33-Year High. Warren Buffett Helped.,"May 19, 2023"
Chinese Tech Giants’ Results Reflect Lackluster Economic Recovery,"May 19, 2023"
S&P 500 Hits 2023 High With Attention Growing on Debt-Ceiling Deal,"May 18, 2023"
"As Consumers Pull Back Postpandemic, Troubled Retailers Lose a Lifeline","May 18, 2023"
Pro Take: Cost of Car Repairs Highlights Persistence of Elevated Services Inflation,"May 17, 2023"
Tourism Recovery Helps Japan Grow in First Quarter,"May 16, 2023"
Americans Curb Spending on Home Improvements,"May 16, 2023"
That Goldendoodle Has a More Expensive Haircut Than You Do,"May 16, 2023"
Shoppers Boosted Retail Sales in April,"May 16, 2023"
How Car Sales Could Keep the Economy Humming,"May 16, 2023"
"China’s Recovery Loses Steam, Signaling Trouble for Global Economy","May 16, 2023"
"America Is Binging on Snacks, and Food Companies Are Eating It Up","May 15, 2023"
Why Some Investors Are Betting on China’s Recovery but Avoiding Chinese Shares,"May 15, 2023"
"Pricing Power: This Is Kate Spade’s Hottest Bag, and It Costs $500","May 14, 2023"
"Stocks Fall as Banking, Inflation Concerns Linger","May 12, 2023"
"As Pandemic-Era Investor Fervor Eases, Money Gets Tight for Logistics Startups","May 12, 2023"
Peloton Recalls 2.2 Million Bikes Due to Seat Defect,"May 11, 2023"
Stocks Mixed Despite Slowing Inflation Data,"May 11, 2023"
Law Firms Get On Board With Artificial Intelligence,"May 11, 2023"
"BOE Matches Fed’s Rate Rise, Signals There May Be More","May 11, 2023"
Supplier Prices Rose Modestly in April,"May 11, 2023"
China’s Consumer Inflation Slows to Lowest in Two Years,"May 11, 2023"
"Stocks, Bonds Rise After Inflation Data","May 10, 2023"
Inflation Eased in April but Remains Stubbornly High,"May 10, 2023"
Can Inflation Fall Fast Enough for the Fed?,"May 10, 2023"
"We May Be Getting Used to High Inflation, and That’s Bad News","May 10, 2023"
U.S. Stocks Fall Amid Debt-Ceiling Worries,"May 9, 2023"
No Recession Doesn’t Mean No Worries for Stocks,"May 8, 2023"
"Pro Take: Airfares Are Still Soaring, and Pandemic Fallout May Keep Them Aloft","May 8, 2023"
"Investors Flock to Safety Plays, but Stock ‘FOMO’ Lingers","May 7, 2023"
April Jobs Report Shows Hiring Picked Up,"May 5, 2023"
No-Show Socks: We Tested 50 Styles to Find One That Doesn’t Slip,"May 5, 2023"
Christmas Tree Shops Files for Bankruptcy With Plan to Restructure,"May 5, 2023"
"Jenny Craig, the Once-Highflying Weight-Loss Brand, Is Going Out of Business After 40 Years","May 5, 2023"
Corporate Profit Margins Are Finally Stabilizing,"May 4, 2023"
DoorDash Sales Soar as Consumers Stick With Deliveries,"May 4, 2023"
TurboTax Paying $141 Million to Taxpayers Who Could Have Filed for Free,"May 4, 2023"
"‘Velo’: In Cycling or Baseball, a Trendy Term for Speed","May 4, 2023"
"U.S. Trade With World Rose in March on Energy, Autos","May 4, 2023"
"Federal Reserve Raises Rates, Signals Potential Pause","May 3, 2023"
Treasury Yields Slide After Fed Rate Call,"May 3, 2023"
"Restaurants, Food Companies Pursue Budget-Minded Consumers as Inflation Persists","May 3, 2023"
"Chinese Travelers Swarm Domestic Tourist Sites, a Positive Sign for Economy","May 3, 2023"
"With Fed Set to Raise Rates, Executives Watch Consumers for Signs of Stress","May 2, 2023"
Battle of the Activists: Hindenburg Shorts Icahn,"May 2, 2023"
Job Openings Near Two-Year Low as Layoffs Jump,"May 2, 2023"
Why Is Inflation So Sticky? It Could Be Corporate Profits,"May 2, 2023"
"Australia, Spooked by Inflation, Resumes Raising Interest Rates","May 2, 2023"
Dow Industrials Inch Lower After Regulators Seize First Republic,"May 1, 2023"
Why Spending Less May Be Good News for Card Companies,"May 1, 2023"
Fed Set to Raise Rates to 16-Year High and Debate a Pause,"May 1, 2023"
Stock Market Calm Rekindles Debate Over Fed Tightening,"April 30, 2023"
"Starbucks, Ford, Apple Lead Another Busy Earnings Week","April 30, 2023"
China’s Consumers Lead Recovery in April,"April 30, 2023"
Wage Gains Pick Up as Fed Considers Rate Decision,"April 28, 2023"
"From Toilet Paper to Mayonnaise, Staples Stay Strong","April 28, 2023"
Too Hot for the Fed to Stop,"April 28, 2023"
"China Celebrates Economic Recovery, Pledges More Help on Jobs","April 28, 2023"
GDP Report Shows Economic Growth Slowed in First Quarter,"April 27, 2023"
Ballooning Software Prices Complicate Tech Spending,"April 27, 2023"
Ocean Container Lines Push a Rebound in Trans-Pacific Shipping Prices,"April 27, 2023"
Barclays Profit Lifted by U.S. Credit-Card Business,"April 27, 2023"
Recession Can Wait—the GDP Report’s Bright Side,"April 27, 2023"
Private Investors Looking to Capitalize on Nearshoring Trends Turn to Mexico,"April 27, 2023"
Chinese Liquor Maker Sinks After Serving Up Hong Kong’s Biggest IPO in Months,"April 27, 2023"
UPS CFO Looks to Speed Up Some Cost Cuts as Shipping Volumes Fall,"April 26, 2023"
"Biden Runs On an Improved, but Still Troubled, Economy","April 26, 2023"
"McDonald’s, PepsiCo, GM Flex Their Pricing Power","April 25, 2023"
USDA Targets Salmonella in Breaded Raw Chicken,"April 25, 2023"
Stocks Fall After First Republic Earnings Revive Banking Worries,"April 25, 2023"
UPS Issues Downbeat Outlook for Shipping Volumes,"April 25, 2023"
Alaska Air Readies for Busy Travel Season—and Volatile Fuel Costs and Weather Disruptions,"April 25, 2023"
The Risks Brands Take When Touching on Social Issues,"April 25, 2023"
Coca-Cola’s CFO Expects to Slow Price Hikes as Inflation Cools,"April 24, 2023"
Here’s How Supply Chains Are Being Reshaped for a New Era of Global Trade,"April 24, 2023"
"Car Dealer Markups Helped Drive Inflation, Study Finds","April 23, 2023"
"Amazon, Facebook, Google Headline Busy Earnings Week for Tech","April 23, 2023"
"P&G Earnings Powered by Higher Prices, Again","April 21, 2023"
Apple Pay’s Long Road to Paying Off Is Getting Shorter,"April 21, 2023"
Drop in Transportation Stocks Foreshadows Weakening Economy,"April 20, 2023"
IKEA Makes Biggest Ever Investment in U.S. With 17 New Stores,"April 20, 2023"
Top Fed Official Signals Support for May Interest-Rate Increase,"April 19, 2023"
U.K. Inflation Stays Above 10%,"April 19, 2023"
The Airport on a Fault Line: How Negligence and Mismanagement Made Turkey’s Earthquake Deadlier,"April 18, 2023"
Amazon’s Slowdown Has Yet to Pinch Its Landlord,"April 18, 2023"
China’s Consumers Deliver a Post-Covid Boost to Economy,"April 18, 2023"
Pro Take: A Persistent Holdout in the Fed’s Inflation Fight Leads to the Bakery Aisle,"April 18, 2023"
China’s Economy Rebounds After Zero-Covid Isolation,"April 17, 2023"
‘Angry Birds’ Maker to Be Bought by Sega,"April 17, 2023"
Online Account Overseen by Ex-Navy Member Aided Spread of Secrets,"April 16, 2023"
Fed Pause Wouldn’t Necessarily Refresh Stock Market,"April 16, 2023"
Stocks Slide Even as Big Banks Rally,"April 14, 2023"
U.S. Retail Spending Fell in March,"April 14, 2023"
"First Annual Drop in Rents Since Pandemic Began, Redfin Says","April 14, 2023"
Walmart Shakes Up U.S. Leadership Ranks,"April 14, 2023"
"Delta Reports Quarterly Loss, Projects Strong Summer Travel","April 13, 2023"
Supplier Prices Fell in March,"April 13, 2023"
Inflation Report Keeps May Interest-Rate Increase in Play,"April 12, 2023"
Inflation Report Shows Price Pressures Eased in March,"April 12, 2023"
Stocks Retreat After Fed Minutes,"April 12, 2023"
Fed Official: ‘We Need to Be Cautious’ on Raising Rates After Bank Failures,"April 11, 2023"
"David Zaslav Challenged the Streaming Industry’s Orthodoxy. Now, Rivals Are Following His Lead.","April 11, 2023"
"China Consumer Price Growth Eases, Reflecting Caution on the Economy","April 11, 2023"
Car Breakdowns Are Making More People Fall Behind on Their Loans,"April 8, 2023"
March Jobs Report Shows Hiring Gradually Cooling,"April 7, 2023"
Warehouse Jobs Drop to Lowest Level in 15 Months,"April 7, 2023"
Credit Card Rewards Are Heading Toward a Crisis,"April 7, 2023"
Bath & Body Works CFO to Leave as Retailer Battles Softer Demand,"April 6, 2023"
Latest Fed Increase Came Down to the Wire. ‘That Was a Rough Weekend.’,"April 6, 2023"
S&P 500 Slips on Renewed Recession Fears,"April 5, 2023"
Hollywood Wants You to Tear Up Over Flamin’ Hot Cheetos,"April 5, 2023"
Jamie Dimon on Banking Turmoil: ‘This Wasn’t the Finest Hour for Many Players’,"April 4, 2023"
Australia’s Central Bank Holds Interest Rates Steady,"April 4, 2023"
Nasdaq Ends Wild Quarter With Biggest Gain Since 2020,"March 31, 2023"
Bond Rally at Risk as Bank Stress Diminishes,"March 31, 2023"
Consumer Spending Growth Slowed in February,"March 31, 2023"
Social Security Reserves Projected to Run Out Earlier Than Expected,"March 31, 2023"
"Bank Stress, Softer Inflation Makes Fed’s Life Easier","March 31, 2023"
Eurozone Core Inflation Hits Record High,"March 31, 2023"
Warehouses Find Insulation From U.S. Banking Crisis,"March 30, 2023"
Low Jobless Claims Show Labor Market Stays Robust,"March 30, 2023"
Guinness Maker Diageo Appoints Its First Female CEO,"March 28, 2023"
Transport Strike Brings Much of Germany to Standstill,"March 27, 2023"
Telehealth Apps Sharing User Data Draw FTC Crackdown,"March 26, 2023"
Economy Week Ahead: U.S. Household Spending and Home Prices in Focus,"March 26, 2023"
How Options-Hedging Turbocharged Oil Volatility,"March 26, 2023"
Retailers Reaping Big Savings on Ocean Transport Costs,"March 25, 2023"
U.S. Stocks Recover in Choppy Trading,"March 24, 2023"
Steady Jobless Claims Show Labor Market Remains Strong,"March 23, 2023"
"Inflation Has More U.S. Companies Ditching ‘Last-In, First-Out’ Accounting","March 23, 2023"
Transcript: Fed Chief Powell’s Postmeeting Press Conference,"March 22, 2023"
Freight Rebound Hopes Are Fading Under an Inventory Glut,"March 22, 2023"
Home Prices Fell in February for First Time in 11 Years,"March 21, 2023"
Banking Turmoil Tests the American Consumer,"March 21, 2023"
"Stanley Black & Decker to Close Texas, South Carolina Plants","March 20, 2023"
Investors Signal Optimism Despite Market Tumult,"March 20, 2023"
"Economy Week Ahead: U.S. Interest Rates, Housing Market in Focus","March 19, 2023"
How Higher Rates Caught Up With Banks,"March 18, 2023"
Stocks Fall on Bank Jitters Despite First Republic Rescue,"March 17, 2023"
Survey Results Part Two: Directors Must Drive Cybersecurity Improvements,"March 17, 2023"
Survey Results Part One: Board Directors Have Work To Do on Cybersecurity,"March 17, 2023"
Disney+ Users Paid Up When the Price Rose,"March 17, 2023"
Economy Shows Signs of Cooling as Bank Troubles Spread,"March 15, 2023"
"Supplier, Buyer Relations Are Shifting Again as Pandemic Strains Ease","March 15, 2023"
Don’t Count Out the Consumer Yet,"March 15, 2023"
U.S. Producer Prices Drop,"March 15, 2023"
"China’s Economy Rebounds, Spurred by Consumption","March 15, 2023"
U.S. Airlines Expect Strong Demand as Travelers Find Postpandemic Routines,"March 14, 2023"
Inflation Eases as Fed Confronts Bank Failures,"March 14, 2023"
Women’s Return to the Workforce Piles Momentum on a Hot Economy,"March 8, 2023"
"Bars, Hotels and Restaurants Become the Economy’s Fastest-Growing Employers","March 5, 2023"
"Macy’s, Best Buy Sales Decline, Reflecting Shopper Pullback","March 2, 2023"
Videogame Makers Are Hitting Reset,"February 19, 2023"
Workers’ Pay Globally Hasn’t Kept Up With Inflation,"February 19, 2023"
Late Auto Payments Expose Cracks in Consumer Credit,"February 18, 2023"
Consumer Spending Fell 0.2% in December,"January 27, 2023"
Hasbro to Cut Global Workforce by 15%,"January 26, 2023"
"Biggest Pay Raises Went to Black Workers, Young People and Low-Wage Earners","January 23, 2023"
Fed Sets Course for Milder Rate Rise,"January 22, 2023"
Consumer Prices Plateau as Inflation Slows to Prepandemic Levels,"January 20, 2023"
"Jobless Claims Fell by 15,000 Last Week","January 19, 2023"
Retailers Get a Seasonal Beating,"January 18, 2023"
"At Davos, Mood Is Somber as Many CEOs Question Economic Outlook","January 17, 2023"
China GDP Growth Fell to Near-Historic Lows,"January 17, 2023"
CFPB Weighs Tougher Rules for Overseas Money Transfers,"January 16, 2023"
Four Signs of Consumer Pessimism About the Economy,"January 15, 2023"
Workers Lose Ground to Inflation Despite Big Wage Gains,"January 14, 2023"
Mary Daly Says Slower Rate Raises Could Help Fed Account for Monetary Policy Lags,"January 9, 2023"
The Safer Safe-Haven Investment,"December 30, 2022"
Economy Has Drinkers Choosing Prosecco Over Champagne,"December 29, 2022"
Consumers Change Food-Delivery Habits,"December 29, 2022"
Chip Inventories Swell as Consumers Buy Fewer Gadgets,"December 27, 2022"
Baking Supplies Cost a Lot More This Year. But That Flat-Screen TV Got Cheaper.,"December 26, 2022"
"Some Consumer Cheer, Just in Time for the Holidays","December 23, 2022"
"Retail Sales, Factory Declines Point to Slowing Economy","December 15, 2022"
Sales Rise at Zara Owner Despite Economic Chill,"December 14, 2022"
Hunting for Travel Deals? Brace for a Winter of Discontent,"December 14, 2022"
Consumer Spending Jumped in October as Inflation Eased,"December 2, 2022"
Black Friday Weekend Drew Millions of Shoppers Back to Stores,"November 29, 2022"
Americans Are Using More of Their Credit,"November 25, 2022"
Middle-Income Households Feel Bigger Inflation Pinch,"September 22, 2022"
Economy Week Ahead: Inflation and Retail Sales in Focus,"September 11, 2022"
"Businesses Expect Economy to Lose More Steam, Fed’s Beige Book Says","September 7, 2022"
Gas Prices Can Rev Up Spending Again,"September 7, 2022"
Consumers Feel Worse Now Than They Did During Covid Lockdowns,"September 4, 2022"
Economy Week Ahead: Job Market and Home Prices in Focus,"August 28, 2022"
U.S. Consumer Spending Rose Slightly in July,"August 26, 2022"
Your Steak Is Getting Cheaper at the Supermarket,"August 22, 2022"
Economy Week Ahead: Household Spending and Federal Reserve in Focus,"August 21, 2022"
"It Now Costs $300,000 to Raise a Child","August 19, 2022"
Retail Spending Held Steady in July,"August 17, 2022"
States Expand Sales-Tax Holidays as Americans Feel Price Increases,"August 16, 2022"
Consumer Sentiment Improved in August,"August 12, 2022"
U.S. Producer Prices Eased in July,"August 11, 2022"
"Lower Gasoline Prices Portend Higher Consumer Confidence, Affect Inflation","August 10, 2022"
U.S. Inflation Eased Slightly in July,"August 10, 2022"
How Inflation Hit Home in July: Higher Prices for Food and Electricity,"August 10, 2022"
Consumers Reduce Inflation Expectations,"August 8, 2022"
Economy Week Ahead: Inflation and Inventories in Focus,"August 7, 2022"
People Start Buying More Essentials at Dollar Stores,"August 1, 2022"
Consumers Have Powered Through the Pandemic—Until Now,"July 31, 2022"
Payments Companies Don’t Mind If You Buy Generic,"July 30, 2022"
U.S. Economy Transitions to Slower Growth as Inflation Weighs on Consumers,"July 29, 2022"
Consumer Spending Grew Much Faster in June,"July 29, 2022"
"Inflation Hits Fresh Four-Decade High, According to Fed’s Preferred Measure","July 29, 2022"
Luxury Brands Send a Confusing Economic Signal,"July 29, 2022"
Six Entrepreneurs on Managing This Summer’s Energy Prices,"July 29, 2022"
U.S. Economy Shrank Last Quarter,"July 28, 2022"
A Recession Isn’t Necessary for Investors to Feel Lousy,"July 28, 2022"
Inventory Swing Is a Key Culprit Behind U.S. Recession Talk,"July 28, 2022"
Don’t Expect Big Consumer Brands to Lower Prices Soon,"July 26, 2022"
"Inventories Wreak Havoc on Economic Data, Business Planning","July 25, 2022"
The Upper Middle Class Is Getting Squeezed,"July 25, 2022"
"Economy Week Ahead: U.S. Growth, Interest Rates and Wages in Focus","July 24, 2022"
"Rich Americans Keep Borrowing, Defying Economic Gloom","July 24, 2022"
How a $9 Trader Joe’s Sunscreen Ignited a Summer War,"July 23, 2022"
American Express Revenue Up 31% as Spending Remains Robust,"July 22, 2022"
"Heat Wave, Inflation Crank Up Air-Conditioner Bills","July 18, 2022"
Consumers Can Just Say ‘No’ to High Gas Prices,"July 18, 2022"
Inflation Has Outpaced Wage Growth. Now It’s Cutting Into Spending.,"July 17, 2022"
What Is the True Cost of Inflation? It’s Complicated.,"July 16, 2022"
Retail Sales Rose 1% in June,"July 15, 2022"
Producer Price Gains Accelerated in June,"July 14, 2022"
People Have Money but Feel Glum—What Does That Mean for the Economy?,"July 14, 2022"
Inflation Hits New Four-Decade High of 9.1%,"July 13, 2022"
"Inflation May Have Peaked, but the Fed Won’t Back Off","July 13, 2022"
These Price Increases Hurt the Most in June,"July 13, 2022"
"U.S. Economy Slows in Several Parts of the Country, Fed’s Beige Book Says","July 13, 2022"
Economy Week Ahead: Inflation and Retail Sales in Focus,"July 10, 2022"
Food Prices Squeeze Poorest in Rich Countries,"July 8, 2022"
Consumers Say 2022 Is the Worst Economy Ever,"July 6, 2022"
Americans Tap Pandemic Savings to Cope With Inflation,"July 5, 2022"
"Wait, How Did Dry Cleaning Get So Expensive?","July 5, 2022"
Americans Have Had It With Inflation,"July 3, 2022"
Fourth of July Cookouts Attract Party Crasher: Rising Food Costs,"July 2, 2022"
Cooling Consumer Spending Points to Further Economic Slowdown,"June 30, 2022"
The Fed Is Still Feeling the Inflation Heat,"June 30, 2022"
"Grocery, Restaurant Executives See Inflation Altering Consumer Spending","June 29, 2022"
U.S. GDP’s Early 2022 Dip Was Bigger Than Previously Thought,"June 29, 2022"
Consumers’ Outlook on Economy Hits Lowest Point in Nearly a Decade,"June 28, 2022"
"Economy Week Ahead: Factories, Inflation and Consumer Spending in Focus","June 26, 2022"
Consumer Sentiment at Record Low Is Another Ominous Economic Sign,"June 24, 2022"
Used-Car Sellers Not Running Out of Gas Just Yet,"June 24, 2022"
The Strange Art of Asking People How Much Inflation They Expect,"June 24, 2022"
America’s Cash Hoard Could Cushion a Downturn,"June 23, 2022"
High Gas Prices Hit Demand as Drivers Cut Back at the Pump,"June 22, 2022"
Gas-Tax Holidays Often Do Little to Ease Political Pressure,"June 22, 2022"
Want to Understand Inflation? Check the Price of Your Haircut,"June 22, 2022"
Risk of Recession Depends on Which Banker You Ask,"June 15, 2022"
Retail Sales Fall as Inflation Stings Consumers,"June 15, 2022"
Retailers Are Getting Tanked,"June 15, 2022"
U.S. Supplier Price Gains Accelerated in May,"June 14, 2022"
U.S. Inflation Hit 8.6% in May,"June 10, 2022"
"Gasoline, Groceries and Housing Drove Inflation in May","June 10, 2022"
"Inflation May Soon Ease, but Not Enough","June 10, 2022"
Pandemic Pet Boom Has Legs,"June 10, 2022"
Executives Gauge U.S. Economy as Clouds Form,"June 3, 2022"
Stores Are Stocked Like We’re All Still Working From Home,"June 3, 2022"
Dimon Says Consumers Have Six to Nine Months of Spending Power,"June 2, 2022"
"Companies Struggle With Rising Prices, Fed’s Beige Book Says","June 1, 2022"
Burger Prices to Remain High as Cattle Ranchers Shrink Herds,"May 28, 2022"
Household Spending Rise Leans on Savings,"May 27, 2022"
"As Long as Paychecks Keep Coming, Spending Can Hold up","May 27, 2022"
Retailers Are Getting Pinched More Than Consumers,"May 24, 2022"
Where Is Inflation Headed? Nine Signs to Watch,"May 24, 2022"
"Americans Reported Strong Personal Finances Late Last Year, Fed Finds","May 23, 2022"
"Economy Week Ahead: The Fed, Inflation and Consumers in Focus","May 22, 2022"
Russian Inflation Makes U.S. Price Rises Look Tame,"May 20, 2022"
CEOs Warn of Recession Even as Economy Remains Strong,"May 19, 2022"
U.S. Retail Sales Grew 0.9% in April,"May 17, 2022"
U.S. Consumers Are Almost Too Healthy,"May 17, 2022"
"Economy Week Ahead: U.S. Consumers, Housing Market in Focus","May 15, 2022"
Producer-Price Inflation Edged Lower in April,"May 12, 2022"
"Inflation Slipped in April, but Upward Pressures Remain","May 11, 2022"
"Spending More, Getting Less as Inflation Outpaces Retail Sales","April 14, 2022"
Retail Spending Advanced 0.5% in March,"April 14, 2022"
What JPMorgan Earnings Tell Us About Household Finances,"April 13, 2022"
Inflation Accelerated to 8.5% in March,"April 12, 2022"
"Where Inflation Rose, Cooled the Most","April 12, 2022"
Inflation’s Peak Won’t Give Us a Rate Reprieve,"April 12, 2022"
"Economy Week Ahead: Inflation, Retail Sales, Consumer Sentiment","April 10, 2022"
#Vanlife Collides With Costly Fuel,"April 3, 2022"
Inflation Weighed on Consumer Spending Growth in February,"March 31, 2022"
Inflation Could Create a Sticky Situation,"March 31, 2022"
Gasoline Tax Breaks Are a Low Octane Boost for Drivers,"March 28, 2022"
"Economy Week Ahead: Key Inflation, Jobs Numbers Highlight Week’s Data","March 27, 2022"
"Older Americans, Flush With Housing and Stock Portfolio Wealth, Poised to Revive Spending This Year","March 20, 2022"
Iran Remains Defiant as Pressure Builds to End Nuclear-Fuel Enrichment,1 hour ago
"U.S., EU Near Deal on Non-Tariff Trade Irritants",45 min ago
Judge Orders Columbia Protester Mahmoud Khalil Released From ICE Detention,2 hours ago
Trump Says He’s Nearing a Possible Deal With Harvard,48 min ago
Health Insurers to Promise Changes to Preapproval Process That Drew Backlash,3 hours ago
